-- PostgreSQL Database Schema
SET statement_timeout = 0;
SET client_encoding = 'UTF8';
SET standard_conforming_strings = on;
SELECT pg_catalog.set_config('search_path', '', false);

-- Estructura de la tabla 'persona'
CREATE TABLE public.persona (
    edad integer,
    id bigint NOT NULL,
    direccion character varying(255),
    genero character varying(255),
    identificacion character varying(255),
    nombre character varying(255),
    telefono character varying(255)
);

-- Estructura de la tabla 'cliente'
CREATE TABLE public.cliente (
    id bigint NOT NULL,
    cliente_id character varying(255) NOT NULL,
    contrasena character varying(255),
    estado character varying(255)
);

-- Estructura de la tabla 'cuenta'
CREATE TABLE public.cuenta (
    saldo_disponible numeric(38,2) NOT NULL,
    saldo_inicial numeric(38,2) NOT NULL,
    cliente_id bigint NOT NULL,
    id bigint NOT NULL,
    estado character varying(255) NOT NULL,
    numero_cuenta character varying(255) NOT NULL,
    tipo_cuenta character varying(255) NOT NULL
);

ALTER TABLE public.cuenta ALTER COLUMN id ADD GENERATED BY DEFAULT AS IDENTITY (
    SEQUENCE NAME public.cuenta_id_seq
    START WITH 1
    INCREMENT BY 1
);

-- Estructura de la tabla 'movimiento'
CREATE TABLE public.movimiento (
    saldo numeric(38,2) NOT NULL,
    saldo_inicial numeric(38,2) NOT NULL,
    valor numeric(38,2) NOT NULL,
    cuenta_id bigint NOT NULL,
    fecha timestamp(6) without time zone NOT NULL,
    id bigint NOT NULL,
    tipo_movimiento character varying(255)
);

ALTER TABLE public.movimiento ALTER COLUMN id ADD GENERATED BY DEFAULT AS IDENTITY (
    SEQUENCE NAME public.movimiento_id_seq
    START WITH 1
    INCREMENT BY 1
);

-- Secuencia para persona
CREATE SEQUENCE public.persona_seq
    START WITH 1
    INCREMENT BY 50;

-- Constraints y Llaves Primarias
ALTER TABLE ONLY public.persona ADD CONSTRAINT persona_pkey PRIMARY KEY (id);
ALTER TABLE ONLY public.cliente ADD CONSTRAINT cliente_pkey PRIMARY KEY (id);
ALTER TABLE ONLY public.cliente ADD CONSTRAINT cliente_cliente_id_key UNIQUE (cliente_id);
ALTER TABLE ONLY public.cuenta ADD CONSTRAINT cuenta_pkey PRIMARY KEY (id);
ALTER TABLE ONLY public.cuenta ADD CONSTRAINT cuenta_numero_cuenta_key UNIQUE (numero_cuenta);
ALTER TABLE ONLY public.movimiento ADD CONSTRAINT movimiento_pkey PRIMARY KEY (id);

-- Llaves Foráneas (Foreign Keys)
ALTER TABLE ONLY public.cliente ADD CONSTRAINT fkkpvkbjg32bso6riqge70hwcel FOREIGN KEY (id) REFERENCES public.persona(id);
ALTER TABLE ONLY public.cuenta ADD CONSTRAINT fk4p224uogyy5hmxvn8fwa2jlug FOREIGN KEY (cliente_id) REFERENCES public.cliente(id);
ALTER TABLE ONLY public.movimiento ADD CONSTRAINT fk4ea11fe7p3xa1kwwmdgi9f2fi FOREIGN KEY (cuenta_id) REFERENCES public.cuenta(id);

-- PostgreSQL Database Data
SET statement_timeout = 0;
SELECT pg_catalog.set_config('search_path', '', false);

-- Datos: persona
INSERT INTO public.persona (edad, id, direccion, genero, identificacion, nombre, telefono) 
VALUES (30, 1, 'Otavalo sn y principal', 'Masculino', '000000001', 'Jose Lema', '098254785') ON CONFLICT (id) DO NOTHING;
INSERT INTO public.persona (edad, id, direccion, genero, identificacion, nombre, telefono) 
VALUES (30, 2, 'Amazonas y NNUU', 'Femenino', '000000002', 'Marianela Montalvo', '097548965') ON CONFLICT (id) DO NOTHING;
INSERT INTO public.persona (edad, id, direccion, genero, identificacion, nombre, telefono) 
VALUES (30, 3, '13 junio y Equinoccial', 'Masculino', '000000003', 'Juan Osorio', '098874587') ON CONFLICT (id) DO NOTHING;

-- Datos: cliente
INSERT INTO public.cliente (id, cliente_id, contrasena, estado) 
VALUES (1, 'joselema', '1234', 'True') ON CONFLICT (id) DO NOTHING;
INSERT INTO public.cliente (id, cliente_id, contrasena, estado) 
VALUES (2, 'marianelamontalvo', '5678', 'True') ON CONFLICT (id) DO NOTHING;
INSERT INTO public.cliente (id, cliente_id, contrasena, estado) 
VALUES (3, 'juanosorio', '1245', 'True') ON CONFLICT (id) DO NOTHING;

-- Datos: cuenta
INSERT INTO public.cuenta (saldo_disponible, saldo_inicial, cliente_id, id, estado, numero_cuenta, tipo_cuenta) 
VALUES (1000.00, 1000.00, 1, 5, 'True', '585545', 'Corriente') ON CONFLICT (id) DO NOTHING;
INSERT INTO public.cuenta (saldo_disponible, saldo_inicial, cliente_id, id, estado, numero_cuenta, tipo_cuenta) 
VALUES (1425.00, 2000.00, 1, 1, 'True', '478758', 'Ahorro') ON CONFLICT (id) DO NOTHING;
INSERT INTO public.cuenta (saldo_disponible, saldo_inicial, cliente_id, id, estado, numero_cuenta, tipo_cuenta) 
VALUES (700.00, 100.00, 2, 2, 'True', '225487', 'Corriente') ON CONFLICT (id) DO NOTHING;
INSERT INTO public.cuenta (saldo_disponible, saldo_inicial, cliente_id, id, estado, numero_cuenta, tipo_cuenta) 
VALUES (150.00, 0.00, 3, 3, 'True', '495878', 'Ahorros') ON CONFLICT (id) DO NOTHING;
INSERT INTO public.cuenta (saldo_disponible, saldo_inicial, cliente_id, id, estado, numero_cuenta, tipo_cuenta) 
VALUES (0.00, 540.00, 2, 4, 'True', '496825', 'Ahorros') ON CONFLICT (id) DO NOTHING;

-- Datos: movimiento
INSERT INTO public.movimiento (saldo, saldo_inicial, valor, cuenta_id, fecha, id, tipo_movimiento) 
VALUES (1425.00, 2000.00, -575.00, 1, '2026-01-18 09:20:39.30821', 1, 'RETIRO') ON CONFLICT (id) DO NOTHING;
INSERT INTO public.movimiento (saldo, saldo_inicial, valor, cuenta_id, fecha, id, tipo_movimiento) 
VALUES (700.00, 100.00, 600.00, 2, '2026-01-18 09:20:41.801552', 2, 'DEPOSITO') ON CONFLICT (id) DO NOTHING;
INSERT INTO public.movimiento (saldo, saldo_inicial, valor, cuenta_id, fecha, id, tipo_movimiento) 
VALUES (150.00, 0.00, 150.00, 3, '2026-01-18 09:20:47.057106', 3, 'DEPOSITO') ON CONFLICT (id) DO NOTHING;
INSERT INTO public.movimiento (saldo, saldo_inicial, valor, cuenta_id, fecha, id, tipo_movimiento) 
VALUES (0.00, 540.00, -540.00, 4, '2026-01-18 09:21:00.039209', 4, 'RETIRO') ON CONFLICT (id) DO NOTHING;

-- Sincronización de Secuencias
SELECT pg_catalog.setval('public.cuenta_id_seq', 5, true);
SELECT pg_catalog.setval('public.movimiento_id_seq', 4, true);
SELECT pg_catalog.setval('public.persona_seq', 51, true);

